Feature ID,Kingdom,Phylum,Class,Order,Family,Genus,Species,Source,Confidence
df7689c34f49a0d9561196b8b4774802,Bacteria,Proteobacteria,Gammaproteobacteria,Methylococcales,Unclassified Methylococcales,Unclassified Methylococcales,Unclassified Methylococcales,,0.700044154
f19396208c8df37cf8e4d3a7fc773539,Bacteria,Proteobacteria,Gammaproteobacteria,Unclassified Gammaproteobacteria,Unclassified Gammaproteobacteria,Unclassified Gammaproteobacteria,Unclassified Gammaproteobacteria,,0.705288463
ccbb5e6db492e9974efa2e0d59a4f035,Bacteria,Proteobacteria,Gammaproteobacteria,Unclassified Gammaproteobacteria,Unclassified Gammaproteobacteria,Unclassified Gammaproteobacteria,Unclassified Gammaproteobacteria,,0.706577638
881cafc2fc83b0c3ee467738f0b68572,Bacteria,Proteobacteria,Gammaproteobacteria,Unclassified Gammaproteobacteria,Unclassified Gammaproteobacteria,Unclassified Gammaproteobacteria,Unclassified Gammaproteobacteria,,0.708129032
c210205a36e63d886994863fa4dbb078,Bacteria,Proteobacteria,Gammaproteobacteria,Unclassified Gammaproteobacteria,Unclassified Gammaproteobacteria,Unclassified Gammaproteobacteria,Unclassified Gammaproteobacteria,,0.717663275
db359588bc9c1d055b5fe46d1fec9cde,Bacteria,Proteobacteria,Gammaproteobacteria,Methylococcales,Unclassified Methylococcales,Unclassified Methylococcales,Unclassified Methylococcales,,0.718628095
6296faa932ebacc7c01b30340c8f6060,Bacteria,Proteobacteria,Unclassified Proteobacteria,Unclassified Proteobacteria,Unclassified Proteobacteria,Unclassified Proteobacteria,Unclassified Proteobacteria,,0.719401399
75381669b9559310551133e8c7bbca49,Bacteria,Proteobacteria,Gammaproteobacteria,Unclassified Gammaproteobacteria,Unclassified Gammaproteobacteria,Unclassified Gammaproteobacteria,Unclassified Gammaproteobacteria,,0.720185092
2c3877ed3df6f5ac452eb170a0c728e5,Bacteria,Proteobacteria,Gammaproteobacteria,Unclassified Gammaproteobacteria,Unclassified Gammaproteobacteria,Unclassified Gammaproteobacteria,Unclassified Gammaproteobacteria,,0.723244424
b0220866345c7236e4b4b2f972ba01d9,Bacteria,Proteobacteria,Unclassified Proteobacteria,Unclassified Proteobacteria,Unclassified Proteobacteria,Unclassified Proteobacteria,Unclassified Proteobacteria,,0.723557063
a6fc980f76e3fd7320b0dbd9872e5989,Bacteria,Proteobacteria,Gammaproteobacteria,Unclassified Gammaproteobacteria,Unclassified Gammaproteobacteria,Unclassified Gammaproteobacteria,Unclassified Gammaproteobacteria,,0.724655367
84db27f7a2d1d26080d85c18840f5024,Bacteria,Proteobacteria,Unclassified Proteobacteria,Unclassified Proteobacteria,Unclassified Proteobacteria,Unclassified Proteobacteria,Unclassified Proteobacteria,,0.725628911
025756e45aa166f90a888cb5c4cd1352,Bacteria,Proteobacteria,Unclassified Proteobacteria,Unclassified Proteobacteria,Unclassified Proteobacteria,Unclassified Proteobacteria,Unclassified Proteobacteria,,0.726096694
1dea6fdf50cbddb2bdff2a458ee0b7e0,Bacteria,Unclassified Bacteria,Unclassified Bacteria,Unclassified Bacteria,Unclassified Bacteria,Unclassified Bacteria,Unclassified Bacteria,Environmental Sample,0.72702691
206708479ec3ecbfcdb02632148c674f,Bacteria,Unclassified Bacteria,Unclassified Bacteria,Unclassified Bacteria,Unclassified Bacteria,Unclassified Bacteria,Unclassified Bacteria,Environmental Sample,0.72805664
3e8a6c29ec09db0843c48f594bfede14,Bacteria,Proteobacteria,Gammaproteobacteria,Unclassified Gammaproteobacteria,Unclassified Gammaproteobacteria,Unclassified Gammaproteobacteria,Unclassified Gammaproteobacteria,,0.731610594
9ae0c41b0f89bf4f0b118e2658c6ea80,Bacteria,Proteobacteria,Unclassified Proteobacteria,Unclassified Proteobacteria,Unclassified Proteobacteria,Unclassified Proteobacteria,Unclassified Proteobacteria,,0.735918642
7fd5bc0ebd47353272389ecb2f18ab38,Bacteria,Proteobacteria,Gammaproteobacteria,Methylococcales,Methylococcaceae,Unclassified Methylococcaceae,Unclassified Methylococcaceae,,0.736285925
b515d4185ed9cbc840b9eec8a55541dc,Bacteria,Proteobacteria,Alphaproteobacteria,Rhizobiales,Methylocystaceae,Methylocystis,Unclassified Methylocystis,,0.738996657
af1a708fa0b34f4e02ef97d09c469363,Bacteria,Unclassified Bacteria,Unclassified Bacteria,Unclassified Bacteria,Unclassified Bacteria,Unclassified Bacteria,Unclassified Bacteria,Environmental Sample,0.741604978
2ee095bdccfe5937a803e42b8935128d,Bacteria,Proteobacteria,Gammaproteobacteria,Unclassified Gammaproteobacteria,Unclassified Gammaproteobacteria,Unclassified Gammaproteobacteria,Unclassified Gammaproteobacteria,,0.742547554
f523d2f7602f2b8a0d43bcd3d667435b,Bacteria,Proteobacteria,Gammaproteobacteria,Unclassified Gammaproteobacteria,Unclassified Gammaproteobacteria,Unclassified Gammaproteobacteria,Unclassified Gammaproteobacteria,,0.742665656
a664f646c4690d38e973fb5ab00bf8b7,Bacteria,Proteobacteria,Gammaproteobacteria,Methylococcales,Methylococcaceae,Unclassified Methylococcaceae,Unclassified Methylococcaceae,,0.743887904
15cc364a4f35f40ed3f0d42120d57fce,Bacteria,Proteobacteria,Gammaproteobacteria,Unclassified Gammaproteobacteria,Unclassified Gammaproteobacteria,Unclassified Gammaproteobacteria,Unclassified Gammaproteobacteria,,0.746691825
16a965795186d8fb234e85a2e74319a3,Bacteria,Proteobacteria,Gammaproteobacteria,Unclassified Gammaproteobacteria,Unclassified Gammaproteobacteria,Unclassified Gammaproteobacteria,Unclassified Gammaproteobacteria,,0.750018269
ea5954ba41090ec0903924233f39da0e,Bacteria,Proteobacteria,Unclassified Proteobacteria,Unclassified Proteobacteria,Unclassified Proteobacteria,Unclassified Proteobacteria,Unclassified Proteobacteria,,0.751201756
8e1a6d6dfc0dfdf5735c1778ee9b5a8d,Bacteria,Unclassified Bacteria,Unclassified Bacteria,Unclassified Bacteria,Unclassified Bacteria,Unclassified Bacteria,Unclassified Bacteria,Environmental Sample,0.751993963
8bb8341742b85dc07c1e5b8b7135cbac,Bacteria,Proteobacteria,Alphaproteobacteria,Rhizobiales,Methylocystaceae,Methylocystis,Unclassified Methylocystis,,0.752917968
3b3ee6c42d728ad26e8c9d1451761cb4,Bacteria,Proteobacteria,Unclassified Proteobacteria,Unclassified Proteobacteria,Unclassified Proteobacteria,Unclassified Proteobacteria,Unclassified Proteobacteria,,0.754533809
2830db2ae378f6da4fba8a0b67c9dcfa,Bacteria,Proteobacteria,Unclassified Proteobacteria,Unclassified Proteobacteria,Unclassified Proteobacteria,Unclassified Proteobacteria,Unclassified Proteobacteria,,0.755770932
e9eac09b62aef6bae57cd5dcfa0778cf,Bacteria,Proteobacteria,Gammaproteobacteria,Unclassified Gammaproteobacteria,Unclassified Gammaproteobacteria,Unclassified Gammaproteobacteria,Unclassified Gammaproteobacteria,,0.756365949
21a3e1af75c6d6a016da1f35d1156c5b,Bacteria,Proteobacteria,Unclassified Proteobacteria,Unclassified Proteobacteria,Unclassified Proteobacteria,Unclassified Proteobacteria,Unclassified Proteobacteria,,0.756450611
54897405d8f33e1d286571d5b17aca0f,Bacteria,Unclassified Bacteria,Unclassified Bacteria,Unclassified Bacteria,Unclassified Bacteria,Unclassified Bacteria,Unclassified Bacteria,Environmental Sample,0.757728796
90515a9a8aae1c64e4f2556e8c5bc36a,Bacteria,Unclassified Bacteria,Unclassified Bacteria,Unclassified Bacteria,Unclassified Bacteria,Unclassified Bacteria,Unclassified Bacteria,Environmental Sample,0.761184947
c9ede7953abf1e7713cc273a7c63665a,Bacteria,Proteobacteria,Unclassified Proteobacteria,Unclassified Proteobacteria,Unclassified Proteobacteria,Unclassified Proteobacteria,Unclassified Proteobacteria,,0.762610535
58a0b4560cbea0bc7c51632bd9cd913d,Bacteria,Proteobacteria,Gammaproteobacteria,Unclassified Gammaproteobacteria,Unclassified Gammaproteobacteria,Unclassified Gammaproteobacteria,Unclassified Gammaproteobacteria,,0.765989287
6a17e06eaf33f50c4105aad6050e406e,Bacteria,Unclassified Bacteria,Unclassified Bacteria,Unclassified Bacteria,Unclassified Bacteria,Unclassified Bacteria,Unclassified Bacteria,,0.76847243
4f6328fcf0f7e2146324944d79e6e937,Bacteria,Proteobacteria,Unclassified Proteobacteria,Unclassified Proteobacteria,Unclassified Proteobacteria,Unclassified Proteobacteria,Unclassified Proteobacteria,,0.768715238
744ea5bab523a943666bfbb5030d07f1,Bacteria,Proteobacteria,Gammaproteobacteria,Unclassified Gammaproteobacteria,Unclassified Gammaproteobacteria,Unclassified Gammaproteobacteria,Unclassified Gammaproteobacteria,,0.771208046
f3d79f4a473bf2321a93a303f6573021,Bacteria,Proteobacteria,Gammaproteobacteria,Methylococcales,Methylococcaceae,Unclassified Methylococcaceae,Unclassified Methylococcaceae,,0.775052496
2e3aad075b870e2f65b151bb4be9e47a,Bacteria,Proteobacteria,Unclassified Proteobacteria,Unclassified Proteobacteria,Unclassified Proteobacteria,Unclassified Proteobacteria,Unclassified Proteobacteria,,0.781331594
540c3f98daab58191f8797aab1059365,Bacteria,Proteobacteria,Unclassified Proteobacteria,Unclassified Proteobacteria,Unclassified Proteobacteria,Unclassified Proteobacteria,Unclassified Proteobacteria,,0.78552947
518d39787fcd51238a38aa4f855525e4,Bacteria,Proteobacteria,Unclassified Proteobacteria,Unclassified Proteobacteria,Unclassified Proteobacteria,Unclassified Proteobacteria,Unclassified Proteobacteria,,0.786434476
d6f684b679435943564d15a9efad4ffd,Bacteria,Unclassified Bacteria,Unclassified Bacteria,Unclassified Bacteria,Unclassified Bacteria,Unclassified Bacteria,Unclassified Bacteria,Environmental Sample,0.78653079
e9822fcf48a8da07d328eac1ed4926db,Bacteria,Proteobacteria,Alphaproteobacteria,Rhizobiales,Methylocystaceae,Methylocystis,Unclassified Methylocystis,,0.79016075
f92cda9389d47aeac8ee7bad79bb196f,Bacteria,Proteobacteria,Unclassified Proteobacteria,Unclassified Proteobacteria,Unclassified Proteobacteria,Unclassified Proteobacteria,Unclassified Proteobacteria,,0.79030219
4d4e23eca3860def53570fb648c40b98,Bacteria,Proteobacteria,Unclassified Proteobacteria,Unclassified Proteobacteria,Unclassified Proteobacteria,Unclassified Proteobacteria,Unclassified Proteobacteria,,0.79309562
48a8c21885afc6bdde789fb57d1b5b19,Bacteria,Proteobacteria,Unclassified Proteobacteria,Unclassified Proteobacteria,Unclassified Proteobacteria,Unclassified Proteobacteria,Unclassified Proteobacteria,,0.794810466
e3ec59cdc521e1236158f27c3b9be2d3,Bacteria,Proteobacteria,Unclassified Proteobacteria,Unclassified Proteobacteria,Unclassified Proteobacteria,Unclassified Proteobacteria,Unclassified Proteobacteria,,0.794813116
623a266e1a1dc3c3ec31e23824055614,Bacteria,Proteobacteria,Gammaproteobacteria,Methylococcales,Methylococcaceae,Unclassified Methylococcaceae,Unclassified Methylococcaceae,,0.802943044
e3982c787eae28ca49d361128791394c,Bacteria,Proteobacteria,Unclassified Proteobacteria,Unclassified Proteobacteria,Unclassified Proteobacteria,Unclassified Proteobacteria,Unclassified Proteobacteria,,0.806336873
be3510ade142007dd05bdd09229d9e47,Bacteria,Proteobacteria,Gammaproteobacteria,Methylococcales,Unclassified Methylococcales,Unclassified Methylococcales,Unclassified Methylococcales,,0.806737483
1612eadf68ce66aaa987c72ca5f48ebc,Bacteria,Unclassified Bacteria,Unclassified Bacteria,Unclassified Bacteria,Unclassified Bacteria,Unclassified Bacteria,Unclassified Bacteria,Environmental Sample,0.807020622
88505ce8aec0c275af1d5f4d512dbcce,Bacteria,Unclassified Bacteria,Unclassified Bacteria,Unclassified Bacteria,Unclassified Bacteria,Unclassified Bacteria,Unclassified Bacteria,Environmental Sample,0.809481586
5ce477ce6618824b82a56f4d0572aa3c,Bacteria,Proteobacteria,Unclassified Proteobacteria,Unclassified Proteobacteria,Unclassified Proteobacteria,Unclassified Proteobacteria,Unclassified Proteobacteria,,0.81113943
2305366284f3744bbb9101171b7b92cc,Bacteria,Proteobacteria,Gammaproteobacteria,Methylococcales,Unclassified Methylococcales,Unclassified Methylococcales,Unclassified Methylococcales,,0.815254939
4e0e21ef716afd42ef5647cfb77d1650,Bacteria,Unclassified Bacteria,Unclassified Bacteria,Unclassified Bacteria,Unclassified Bacteria,Unclassified Bacteria,Unclassified Bacteria,Environmental Sample,0.816074222
d90d29d0baf82626fa3dd0918908076e,Bacteria,Proteobacteria,Unclassified Proteobacteria,Unclassified Proteobacteria,Unclassified Proteobacteria,Unclassified Proteobacteria,Unclassified Proteobacteria,,0.82378691
130a8e93111f6c3e68eab9336f413aae,Bacteria,Proteobacteria,Unclassified Proteobacteria,Unclassified Proteobacteria,Unclassified Proteobacteria,Unclassified Proteobacteria,Unclassified Proteobacteria,,0.827348137
0d3c5db230242575ec98b49a93362c48,Bacteria,Proteobacteria,Unclassified Proteobacteria,Unclassified Proteobacteria,Unclassified Proteobacteria,Unclassified Proteobacteria,Unclassified Proteobacteria,,0.827817654
ade5092696cca194ca857a05b9718444,Bacteria,Proteobacteria,Unclassified Proteobacteria,Unclassified Proteobacteria,Unclassified Proteobacteria,Unclassified Proteobacteria,Unclassified Proteobacteria,,0.828296692
fcf11565b28aa95f83f104579224e933,Bacteria,Proteobacteria,Unclassified Proteobacteria,Unclassified Proteobacteria,Unclassified Proteobacteria,Unclassified Proteobacteria,Unclassified Proteobacteria,,0.829503246
b311d1d7b71a3b3d4350fd6f78036fc9,Bacteria,Proteobacteria,Unclassified Proteobacteria,Unclassified Proteobacteria,Unclassified Proteobacteria,Unclassified Proteobacteria,Unclassified Proteobacteria,,0.830136292
7d432f7929312e467454ed0d970b0c5b,Bacteria,Proteobacteria,Unclassified Proteobacteria,Unclassified Proteobacteria,Unclassified Proteobacteria,Unclassified Proteobacteria,Unclassified Proteobacteria,,0.830347277
62d5e0685613aa05ac96bf4dc1a05c31,Bacteria,Proteobacteria,Gammaproteobacteria,Methylococcales,Unclassified Methylococcales,Unclassified Methylococcales,Unclassified Methylococcales,,0.831399824
3f03e7ab9041cd8b3eff9d74befb6a8e,Bacteria,Proteobacteria,Unclassified Proteobacteria,Unclassified Proteobacteria,Unclassified Proteobacteria,Unclassified Proteobacteria,Unclassified Proteobacteria,,0.832950876
d463e4afe73b4b1769744b0c7f4097ce,Bacteria,Proteobacteria,Gammaproteobacteria,Methylococcales,Unclassified Methylococcales,Unclassified Methylococcales,Unclassified Methylococcales,,0.834033389
559da1870dba0f151b3b59a5d92da3df,Bacteria,Proteobacteria,Unclassified Proteobacteria,Unclassified Proteobacteria,Unclassified Proteobacteria,Unclassified Proteobacteria,Unclassified Proteobacteria,,0.840583338
b854bd37fc93ebd995c4b7982f4125f8,Bacteria,Proteobacteria,Gammaproteobacteria,Unclassified Gammaproteobacteria,Unclassified Gammaproteobacteria,Unclassified Gammaproteobacteria,Unclassified Gammaproteobacteria,,0.843277651
f5772908ea5d0d94f854323569a3af38,Bacteria,Proteobacteria,Gammaproteobacteria,Methylococcales,Unclassified Methylococcales,Unclassified Methylococcales,Unclassified Methylococcales,,0.843823785
3d9fa074c48fd8d1d954e3709853711d,Bacteria,Unclassified Bacteria,Unclassified Bacteria,Unclassified Bacteria,Unclassified Bacteria,Unclassified Bacteria,Unclassified Bacteria,Environmental Sample,0.844495186
7f07e7a9ec60dcd67ae0e584afb0c08c,Bacteria,Proteobacteria,Unclassified Proteobacteria,Unclassified Proteobacteria,Unclassified Proteobacteria,Unclassified Proteobacteria,Unclassified Proteobacteria,,0.844955993
bf6763ee02402712b0dd972b3238b1bb,Bacteria,Unclassified Bacteria,Unclassified Bacteria,Unclassified Bacteria,Unclassified Bacteria,Unclassified Bacteria,Unclassified Bacteria,Environmental Sample,0.858248216
6905c0a90b3f574ba8c69da8483263b6,Bacteria,Proteobacteria,Unclassified Proteobacteria,Unclassified Proteobacteria,Unclassified Proteobacteria,Unclassified Proteobacteria,Unclassified Proteobacteria,,0.872254068
f521e9e92a9ee18e93450d9f44199258,Bacteria,Unclassified Bacteria,Unclassified Bacteria,Unclassified Bacteria,Unclassified Bacteria,Unclassified Bacteria,Unclassified Bacteria,Environmental Sample,0.879545589
0abf1f5b40b2b7b40806b1c9c842412a,Bacteria,Proteobacteria,Unclassified Proteobacteria,Unclassified Proteobacteria,Unclassified Proteobacteria,Unclassified Proteobacteria,Unclassified Proteobacteria,,0.881774293
779dc92d5387a7010e39ff71e85850df,Bacteria,Proteobacteria,Unclassified Proteobacteria,Unclassified Proteobacteria,Unclassified Proteobacteria,Unclassified Proteobacteria,Unclassified Proteobacteria,,0.882049649
3d533a8868f59b7328f7f75c10e8d007,Bacteria,Proteobacteria,Unclassified Proteobacteria,Unclassified Proteobacteria,Unclassified Proteobacteria,Unclassified Proteobacteria,Unclassified Proteobacteria,,0.88233829
910923b132906c2961ca4f897132665f,Bacteria,Unclassified Bacteria,Unclassified Bacteria,Unclassified Bacteria,Unclassified Bacteria,Unclassified Bacteria,Unclassified Bacteria,Environmental Sample,0.882590308
3d1cab1999c15c684b39b014df8d2acc,Bacteria,Proteobacteria,Unclassified Proteobacteria,Unclassified Proteobacteria,Unclassified Proteobacteria,Unclassified Proteobacteria,Unclassified Proteobacteria,,0.888686538
4290caadfad2ee0478512ce27f98daa2,Bacteria,Unclassified Bacteria,Unclassified Bacteria,Unclassified Bacteria,Unclassified Bacteria,Unclassified Bacteria,Unclassified Bacteria,Environmental Sample,0.889635445
6a4d8c48b7ac9f813a31cc5ea84ed94c,Bacteria,Unclassified Bacteria,Unclassified Bacteria,Unclassified Bacteria,Unclassified Bacteria,Unclassified Bacteria,Unclassified Bacteria,Environmental Sample,0.891009909
e3b67cfbc28977ec363a8c2b971ae5a4,Bacteria,Proteobacteria,Gammaproteobacteria,Methylococcales,Unclassified Methylococcales,Unclassified Methylococcales,Unclassified Methylococcales,,0.894718192
30e86531040d5278e5207a681bd0a183,Bacteria,Proteobacteria,Unclassified Proteobacteria,Unclassified Proteobacteria,Unclassified Proteobacteria,Unclassified Proteobacteria,Unclassified Proteobacteria,,0.894930139
22771c5187db6b5f3be176816b9fbb85,Bacteria,Proteobacteria,Unclassified Proteobacteria,Unclassified Proteobacteria,Unclassified Proteobacteria,Unclassified Proteobacteria,Unclassified Proteobacteria,,0.896771203
fd8580afc381fbf67cd8b664d7d37ae8,Bacteria,Unclassified Bacteria,Unclassified Bacteria,Unclassified Bacteria,Unclassified Bacteria,Unclassified Bacteria,Unclassified Bacteria,Environmental Sample,0.898390178
b231847777963cf594f96e68074ee665,Bacteria,Unclassified Bacteria,Unclassified Bacteria,Unclassified Bacteria,Unclassified Bacteria,Unclassified Bacteria,Unclassified Bacteria,Environmental Sample,0.908107548
6028469df1d48689ad6738cddeb7f8e9,Bacteria,Proteobacteria,Unclassified Proteobacteria,Unclassified Proteobacteria,Unclassified Proteobacteria,Unclassified Proteobacteria,Unclassified Proteobacteria,,0.911540627
e2a1a5ad99d286110412b7848c156d7d,Bacteria,Proteobacteria,Unclassified Proteobacteria,Unclassified Proteobacteria,Unclassified Proteobacteria,Unclassified Proteobacteria,Unclassified Proteobacteria,,0.913745867
6187fe7648fcc836869ef34f5f9a8e29,Bacteria,Proteobacteria,Unclassified Proteobacteria,Unclassified Proteobacteria,Unclassified Proteobacteria,Unclassified Proteobacteria,Unclassified Proteobacteria,,0.936743269
398c12198a686318f634c7fca72048d6,Bacteria,Proteobacteria,Unclassified Proteobacteria,Unclassified Proteobacteria,Unclassified Proteobacteria,Unclassified Proteobacteria,Unclassified Proteobacteria,,0.937755991
06cdeb6813ced15e2ecc186a4a09bdcd,Bacteria,Unclassified Bacteria,Unclassified Bacteria,Unclassified Bacteria,Unclassified Bacteria,Unclassified Bacteria,Unclassified Bacteria,Environmental Sample,0.938911375
5f02b759f66b766d46d3f17b5fb57649,Bacteria,Proteobacteria,Unclassified Proteobacteria,Unclassified Proteobacteria,Unclassified Proteobacteria,Unclassified Proteobacteria,Unclassified Proteobacteria,,0.939372205
e97e6c980420343168e2c86d4828a017,Bacteria,Proteobacteria,Unclassified Proteobacteria,Unclassified Proteobacteria,Unclassified Proteobacteria,Unclassified Proteobacteria,Unclassified Proteobacteria,,0.942114182
e7553f181d3d107d9f9140d7b8aeb738,Bacteria,Proteobacteria,Unclassified Proteobacteria,Unclassified Proteobacteria,Unclassified Proteobacteria,Unclassified Proteobacteria,Unclassified Proteobacteria,,0.945052841
eab57a0b62d42cafe5cbb4c942d26f3d,Bacteria,Proteobacteria,Unclassified Proteobacteria,Unclassified Proteobacteria,Unclassified Proteobacteria,Unclassified Proteobacteria,Unclassified Proteobacteria,,0.947804561
c14367bb06b926b2b5e883a558d6fca5,Bacteria,Proteobacteria,Unclassified Proteobacteria,Unclassified Proteobacteria,Unclassified Proteobacteria,Unclassified Proteobacteria,Unclassified Proteobacteria,,0.948044521
cf7bf3e6639ce1a089d6e88b6f078425,Bacteria,Unclassified Bacteria,Unclassified Bacteria,Unclassified Bacteria,Unclassified Bacteria,Unclassified Bacteria,Unclassified Bacteria,Environmental Sample,0.948321779
f12c8a47d26cc214d54aff4a3a7de6a8,Bacteria,Proteobacteria,Unclassified Proteobacteria,Unclassified Proteobacteria,Unclassified Proteobacteria,Unclassified Proteobacteria,Unclassified Proteobacteria,,0.948975713
2abef6871caef7342526191573f5bb04,Bacteria,Proteobacteria,Unclassified Proteobacteria,Unclassified Proteobacteria,Unclassified Proteobacteria,Unclassified Proteobacteria,Unclassified Proteobacteria,,0.952512529
a681c67fa4e7ae55a6e3b4e7ad87eb1c,Bacteria,Unclassified Bacteria,Unclassified Bacteria,Unclassified Bacteria,Unclassified Bacteria,Unclassified Bacteria,Unclassified Bacteria,Environmental Sample,0.953510455
7272cd542de89934539d5674f4c3a73e,Bacteria,Unclassified Bacteria,Unclassified Bacteria,Unclassified Bacteria,Unclassified Bacteria,Unclassified Bacteria,Unclassified Bacteria,Environmental Sample,0.954100943
39b37e1529a26ed285c519752c64f308,Bacteria,Proteobacteria,Unclassified Proteobacteria,Unclassified Proteobacteria,Unclassified Proteobacteria,Unclassified Proteobacteria,Unclassified Proteobacteria,,0.955209598
a0e1528fa0c02e762adc634f03ef51da,Bacteria,Unclassified Bacteria,Unclassified Bacteria,Unclassified Bacteria,Unclassified Bacteria,Unclassified Bacteria,Unclassified Bacteria,Environmental Sample,0.961468345
7cb7b54eda407d30348479f5fecbf843,Bacteria,Proteobacteria,Unclassified Proteobacteria,Unclassified Proteobacteria,Unclassified Proteobacteria,Unclassified Proteobacteria,Unclassified Proteobacteria,,0.965128374
6ad6e9eccf8a15fc5760ed9c23f58e02,Bacteria,Unclassified Bacteria,Unclassified Bacteria,Unclassified Bacteria,Unclassified Bacteria,Unclassified Bacteria,Unclassified Bacteria,Environmental Sample,0.974678787
d82104a9da87bb5df61f859fa14fec32,Bacteria,Unclassified Bacteria,Unclassified Bacteria,Unclassified Bacteria,Unclassified Bacteria,Unclassified Bacteria,Unclassified Bacteria,Environmental Sample,0.976291884
038bd8bb7d5c435fc80a687104b2c49a,Bacteria,Proteobacteria,Unclassified Proteobacteria,Unclassified Proteobacteria,Unclassified Proteobacteria,Unclassified Proteobacteria,Unclassified Proteobacteria,,0.977983621
4ffe2dea6f7ddf3d662f36349d212336,Bacteria,Proteobacteria,Unclassified Proteobacteria,Unclassified Proteobacteria,Unclassified Proteobacteria,Unclassified Proteobacteria,Unclassified Proteobacteria,,0.97857477
19f12bfbbc0c5a158b9b42a71958b64d,Bacteria,Unclassified Bacteria,Unclassified Bacteria,Unclassified Bacteria,Unclassified Bacteria,Unclassified Bacteria,Unclassified Bacteria,Environmental Sample,0.980988919
f55e3255ea3a3a8af9f0c5930869793c,Bacteria,Unclassified Bacteria,Unclassified Bacteria,Unclassified Bacteria,Unclassified Bacteria,Unclassified Bacteria,Unclassified Bacteria,Environmental Sample,0.982716438
30151df60f707a077fbee2dfffc695c7,Bacteria,Unclassified Bacteria,Unclassified Bacteria,Unclassified Bacteria,Unclassified Bacteria,Unclassified Bacteria,Unclassified Bacteria,Environmental Sample,0.983110485
c12f5089c0e79d2ddca2cbec44507618,Bacteria,Unclassified Bacteria,Unclassified Bacteria,Unclassified Bacteria,Unclassified Bacteria,Unclassified Bacteria,Unclassified Bacteria,Environmental Sample,0.988640805
7ca9a3300909b4b6bf44731b50e139a2,Bacteria,Unclassified Bacteria,Unclassified Bacteria,Unclassified Bacteria,Unclassified Bacteria,Unclassified Bacteria,Unclassified Bacteria,Environmental Sample,0.990036242
92612ab7628dd34ddacda26d4582b639,Bacteria,Unclassified Bacteria,Unclassified Bacteria,Unclassified Bacteria,Unclassified Bacteria,Unclassified Bacteria,Unclassified Bacteria,Environmental Sample,0.990654857
cb5e14d49455291ac2c6bbaf330b63d8,Bacteria,Proteobacteria,Unclassified Proteobacteria,Unclassified Proteobacteria,Unclassified Proteobacteria,Unclassified Proteobacteria,Unclassified Proteobacteria,,0.991275231
55985c819bee10949a30f0008b14d281,Bacteria,Unclassified Bacteria,Unclassified Bacteria,Unclassified Bacteria,Unclassified Bacteria,Unclassified Bacteria,Unclassified Bacteria,Environmental Sample,0.999603583
4cbdaa6ac2018a23607eb6750e83a211,Bacteria,Proteobacteria,Gammaproteobacteria,Methylococcales,Methylococcaceae,Methylobacter,Unclassified Methylobacter,Environmental Sample,0.999919226
52da1e59be9161f8f4a363ac02952ed5,Bacteria,Unclassified Bacteria,Unclassified Bacteria,Unclassified Bacteria,Unclassified Bacteria,Unclassified Bacteria,Unclassified Bacteria,,0.999954853
fa11c2622318b6d44ef1ced3b37092aa,Bacteria,Unclassified Bacteria,Unclassified Bacteria,Unclassified Bacteria,Unclassified Bacteria,Unclassified Bacteria,Unclassified Bacteria,,0.999957594
5cfd0da905e148b7e908265854fced69,Bacteria,Unclassified Bacteria,Unclassified Bacteria,Unclassified Bacteria,Unclassified Bacteria,Unclassified Bacteria,Unclassified Bacteria,,0.999963994
33b5c2bee7fa627a834187a9e5dad637,Bacteria,Unclassified Bacteria,Unclassified Bacteria,Unclassified Bacteria,Unclassified Bacteria,Unclassified Bacteria,Unclassified Bacteria,,0.999972718
ac849fa570e44c4a03b5f87db21ebf5a,Bacteria,Unclassified Bacteria,Unclassified Bacteria,Unclassified Bacteria,Unclassified Bacteria,Unclassified Bacteria,Unclassified Bacteria,,0.999989776
0b47ed8713c8a26dbfd1b640d4509eb3,Bacteria,Unclassified Bacteria,Unclassified Bacteria,Unclassified Bacteria,Unclassified Bacteria,Unclassified Bacteria,Unclassified Bacteria,,0.99999165
ccfa885a96eb4063d6f59f7ba54617e0,Bacteria,Unclassified Bacteria,Unclassified Bacteria,Unclassified Bacteria,Unclassified Bacteria,Unclassified Bacteria,Unclassified Bacteria,,0.99999192
4b5279fb6bf7cabc2aa70d395c30941e,Bacteria,Unclassified Bacteria,Unclassified Bacteria,Unclassified Bacteria,Unclassified Bacteria,Unclassified Bacteria,Unclassified Bacteria,,0.999992722
4944861b369c690c2d2d430e364447a8,Bacteria,Unclassified Bacteria,Unclassified Bacteria,Unclassified Bacteria,Unclassified Bacteria,Unclassified Bacteria,Unclassified Bacteria,,0.999993505
5ee31ed7391e41ddbea51eabd590218a,Bacteria,Unclassified Bacteria,Unclassified Bacteria,Unclassified Bacteria,Unclassified Bacteria,Unclassified Bacteria,Unclassified Bacteria,,0.999993766
c77905290ec657dbfc999bbf01b67998,Bacteria,Unclassified Bacteria,Unclassified Bacteria,Unclassified Bacteria,Unclassified Bacteria,Unclassified Bacteria,Unclassified Bacteria,,0.999996718
911dfd6e8c5a5d5c11484b9120da514f,Bacteria,Unclassified Bacteria,Unclassified Bacteria,Unclassified Bacteria,Unclassified Bacteria,Unclassified Bacteria,Unclassified Bacteria,,0.999998546
98ea864bea57fb9533d14c7f75132b41,Bacteria,Unclassified Bacteria,Unclassified Bacteria,Unclassified Bacteria,Unclassified Bacteria,Unclassified Bacteria,Unclassified Bacteria,,0.999998591
5db7603cdabd934dbf9ab6127a11f952,Bacteria,Unclassified Bacteria,Unclassified Bacteria,Unclassified Bacteria,Unclassified Bacteria,Unclassified Bacteria,Unclassified Bacteria,,0.999998615
5a997c6bef4f473c434892cc037cb989,Bacteria,Unclassified Bacteria,Unclassified Bacteria,Unclassified Bacteria,Unclassified Bacteria,Unclassified Bacteria,Unclassified Bacteria,,0.999998638
cdc7438efb1bb84fc0b687ec71b82744,Bacteria,Unclassified Bacteria,Unclassified Bacteria,Unclassified Bacteria,Unclassified Bacteria,Unclassified Bacteria,Unclassified Bacteria,,0.999998689
926e6ef9402efb84a4e08181b795973f,Bacteria,Unclassified Bacteria,Unclassified Bacteria,Unclassified Bacteria,Unclassified Bacteria,Unclassified Bacteria,Unclassified Bacteria,,0.999998831
84b1184526dcfff37f796bb061cfec22,Bacteria,Unclassified Bacteria,Unclassified Bacteria,Unclassified Bacteria,Unclassified Bacteria,Unclassified Bacteria,Unclassified Bacteria,,0.999998898
74f37057998e6553cb87042a5aad5249,Bacteria,Unclassified Bacteria,Unclassified Bacteria,Unclassified Bacteria,Unclassified Bacteria,Unclassified Bacteria,Unclassified Bacteria,,0.999999006
015d53b7c3f9a865bf67b30dd290263f,Bacteria,Unclassified Bacteria,Unclassified Bacteria,Unclassified Bacteria,Unclassified Bacteria,Unclassified Bacteria,Unclassified Bacteria,,0.999999262
d690f2bbd668e019526ac4c598f9bfb9,Bacteria,Unclassified Bacteria,Unclassified Bacteria,Unclassified Bacteria,Unclassified Bacteria,Unclassified Bacteria,Unclassified Bacteria,,0.999999376
e99fec180abb390479b2b9f977713d6e,Bacteria,Unclassified Bacteria,Unclassified Bacteria,Unclassified Bacteria,Unclassified Bacteria,Unclassified Bacteria,Unclassified Bacteria,,0.999999526
e9bdad9e4fd65a1d38da5e3a53c4ec47,Bacteria,Unclassified Bacteria,Unclassified Bacteria,Unclassified Bacteria,Unclassified Bacteria,Unclassified Bacteria,Unclassified Bacteria,,0.999999546
709efcae7461e2b944b4b923efa7c68c,Bacteria,Unclassified Bacteria,Unclassified Bacteria,Unclassified Bacteria,Unclassified Bacteria,Unclassified Bacteria,Unclassified Bacteria,,0.999999573
7b2d38d9fe660d2b4d0e43709518a8a5,Bacteria,Unclassified Bacteria,Unclassified Bacteria,Unclassified Bacteria,Unclassified Bacteria,Unclassified Bacteria,Unclassified Bacteria,,0.99999958
6b96197d4f392a85d7b1eac794293b5e,Bacteria,Unclassified Bacteria,Unclassified Bacteria,Unclassified Bacteria,Unclassified Bacteria,Unclassified Bacteria,Unclassified Bacteria,,0.999999658
d64ba727bd5bcb42eed7a2f441b6ebed,Bacteria,Unclassified Bacteria,Unclassified Bacteria,Unclassified Bacteria,Unclassified Bacteria,Unclassified Bacteria,Unclassified Bacteria,,0.999999672
4aac54b5d7cb6b0a042ce7b125ea7607,Bacteria,Unclassified Bacteria,Unclassified Bacteria,Unclassified Bacteria,Unclassified Bacteria,Unclassified Bacteria,Unclassified Bacteria,,0.999999749
7d610f474f5628248ed696156659d26c,Bacteria,Unclassified Bacteria,Unclassified Bacteria,Unclassified Bacteria,Unclassified Bacteria,Unclassified Bacteria,Unclassified Bacteria,,0.999999821
76ac2b9f82f9cf12d2991b3beb31ab2c,Bacteria,Unclassified Bacteria,Unclassified Bacteria,Unclassified Bacteria,Unclassified Bacteria,Unclassified Bacteria,Unclassified Bacteria,,0.99999984
06f73e3517d3594c8d9df93c640047ab,Bacteria,Unclassified Bacteria,Unclassified Bacteria,Unclassified Bacteria,Unclassified Bacteria,Unclassified Bacteria,Unclassified Bacteria,,0.999999845
f07c6dad89b1baf05c57144f2b2dab66,Bacteria,Unclassified Bacteria,Unclassified Bacteria,Unclassified Bacteria,Unclassified Bacteria,Unclassified Bacteria,Unclassified Bacteria,,0.999999894
21c6b311f462cccd040143cd165bb105,Bacteria,Unclassified Bacteria,Unclassified Bacteria,Unclassified Bacteria,Unclassified Bacteria,Unclassified Bacteria,Unclassified Bacteria,,0.999999899
a6076b877c02a7c54c2ce1f85190e645,Bacteria,Unclassified Bacteria,Unclassified Bacteria,Unclassified Bacteria,Unclassified Bacteria,Unclassified Bacteria,Unclassified Bacteria,,0.999999907
56c626be7f67051bb3003b114b3c7866,Bacteria,Unclassified Bacteria,Unclassified Bacteria,Unclassified Bacteria,Unclassified Bacteria,Unclassified Bacteria,Unclassified Bacteria,,0.999999908
0124f6f027afcf11b04b44f492a69975,Bacteria,Unclassified Bacteria,Unclassified Bacteria,Unclassified Bacteria,Unclassified Bacteria,Unclassified Bacteria,Unclassified Bacteria,,0.999999928
a5c0142aeab6dd951f8d29efc681e3d5,Bacteria,Unclassified Bacteria,Unclassified Bacteria,Unclassified Bacteria,Unclassified Bacteria,Unclassified Bacteria,Unclassified Bacteria,,0.999999943
8013b5108922e2c22a22179d3c7b843f,Bacteria,Unclassified Bacteria,Unclassified Bacteria,Unclassified Bacteria,Unclassified Bacteria,Unclassified Bacteria,Unclassified Bacteria,,0.999999944
eb42eb5628f60e06d1cf7e8321f23370,Bacteria,Unclassified Bacteria,Unclassified Bacteria,Unclassified Bacteria,Unclassified Bacteria,Unclassified Bacteria,Unclassified Bacteria,,0.999999955
a3cc7badc7e034c064771b2658b28e11,Bacteria,Unclassified Bacteria,Unclassified Bacteria,Unclassified Bacteria,Unclassified Bacteria,Unclassified Bacteria,Unclassified Bacteria,,0.999999967
b807c9676cdb519f251070ff23473760,Bacteria,Unclassified Bacteria,Unclassified Bacteria,Unclassified Bacteria,Unclassified Bacteria,Unclassified Bacteria,Unclassified Bacteria,,0.999999968
181707d3e1ff6fb3c70a829d1bc312fd,Bacteria,Unclassified Bacteria,Unclassified Bacteria,Unclassified Bacteria,Unclassified Bacteria,Unclassified Bacteria,Unclassified Bacteria,,0.999999995
574f869264a352ff7d010ec73fc31cdc,Bacteria,Unclassified Bacteria,Unclassified Bacteria,Unclassified Bacteria,Unclassified Bacteria,Unclassified Bacteria,Unclassified Bacteria,,0.999999999
